{
  "$schema": "../gen/schemas/desktop-schema.json",
  "identifier": "default",
  "description": "Capability for the main window",
  "windows": [
    "main"
  ],
  "permissions": [
    "android-fs:default",
    "core:default",
    "opener:default",
    "fs:default",
    "fs:allow-copy-file",
    "fs:allow-home-write-recursive",
    {
      "identifier": "fs:allow-write",
      "allow": [
        {
          "path": "$APPDATA/*"
        }
      ]
    },
    {
      "identifier": "fs:allow-copy-file",
      "allow": [
        {
          "path": "$APPCONFIG/*"
        }
      ]
    },
    {
      "identifier": "fs:allow-write",
      "allow": [
        {
          "path": "/**/*"
        }
      ]
    },
    {
      "identifier": "fs:allow-create",
      "allow": [
        {
          "path": "$HOME/**/*"
        }
      ]
    },
    {
      "identifier": "fs:allow-read-text-file",
      "allow": [
        {
          "path": "$HOME/Documents/*"
        }
      ]
    },
    {
      "identifier": "fs:allow-copy-file",
      "allow": [
        {
          "path": "$HOME/Documents/*"
        }
      ]
    },
    "dialog:default"
  ]
}